"Organisation","Website","Contact","Contact URL","Contact Email","Organisation Type","Relevance","Target Resource","Outreach Date","Follow-up Date","Response","Link URL","Link Type","Status","Notes"
"LASUSTECH Career Services Centre","https://www.lasustech.edu.ng/colleges-and-directorates/career-services-centre/","Director of Career Services","https://www.lasustech.edu.ng/contact-us/","careerservices@lasustech.edu.ng","University Career Centre","High","Resource A: Graduate Trainee Calendar","","","","","Editorial Resource","Prospect","State University career advisory and placement unit"
"University of Ilorin Career Services Unit","https://csu.unilorin.edu.ng/","Coordinator, Career Services Unit","https://csu.unilorin.edu.ng/contact","csu@unilorin.edu.ng","University Career Centre","High","Resource A: Graduate Trainee Calendar","","","","","Editorial Resource","Prospect","Dedicated CSU portal for Unilorin undergraduates"
"Federal Polytechnic Bauchi Centre for Career Services","https://careerservices.fptb.edu.ng/","Director, Centre for Career Services","https://careerservices.fptb.edu.ng/contact","careerservices@fptb.edu.ng","Polytechnic Career Centre","High","Resource C: Nigerian CV & Job Application Toolkit","","","","","Editorial Resource","Prospect","Technical diploma employability and industrial training hub"
"Plateau State University Career Centre","https://careercentre.plasu.edu.ng/","Career Services Officer","https://careercentre.plasu.edu.ng/contact","careercentre@plasu.edu.ng","University Career Centre","High","Resource B: Job Scam Verification Guide","","","","","Editorial Resource","Prospect","State university student career & counselling portal"
"Redeemer's University Career Services Centre","https://casec.run.edu.ng/","Director, CASEC","https://casec.run.edu.ng/contact","casec@run.edu.ng","University Career Centre","High","Resource A: Graduate Trainee Calendar","","","","","Editorial Resource","Prospect","Private university career guidance and corporate linkages"
"KWASU Career Services Centre","https://career.kwasu.edu.ng/","Head, KWASU Career Services","https://career.kwasu.edu.ng/contact","career@kwasu.edu.ng","University Career Centre","High","Resource C: Nigerian CV & Job Application Toolkit","","","","","Editorial Resource","Prospect","Kwara State University student career advisory"
"Nigerian Defence Academy Centre for Career Service","https://www.ndacareerservicecenter.nda.edu.ng/","Centre Coordinator","https://nda.edu.ng/contact/","careerservices@nda.edu.ng","University Career Centre","High","Resource C: Nigerian CV & Job Application Toolkit","","","","","Editorial Resource","Prospect","Cadet & postgraduate employment transitions"
"Babcock University Career Services Unit","https://babcock.edu.ng/alumni/career-services","Head of Alumni & Career Services","https://babcock.edu.ng/contact","careerservices@babcock.edu.ng","University Career Centre","High","Resource D: Nigeria Career Salary & Compensation Guide","","","","","Editorial Resource","Prospect","Alumni mentorship and final-year placement hub"
"FUNAAB Career Services and Linkages Unit","https://funaab.edu.ng/","Coordinator, CSLU","https://funaab.edu.ng/contact-us/","cslu@funaab.edu.ng","University Career Centre","High","Resource A: Graduate Trainee Calendar","","","","","Editorial Resource","Prospect","Agricultural & engineering graduate transition portal"
"Obafemi Awolowo University Career Services Center","https://oauife.edu.ng/","Dean of Student Affairs / Career Desk","https://oauife.edu.ng/contact-us","careerservices@oauife.edu.ng","University Career Centre","High","Resource B: Job Scam Verification Guide","","","","","Editorial Resource","Prospect","Central OAU student career and employability office"
"OAU International Career Centre (CEC-ICC)","https://cec-icc.oauife.edu.ng/","Director, CEC-ICC","https://cec-icc.oauife.edu.ng/contact","info@cec-icc.oauife.edu.ng","University Career Centre","High","Resource E: Scholarships & Opportunities Verification Hub","","","","","Editorial Resource","Prospect","International scholarship and exchange career bureau"
"FUTA Centre for Career Services (CCS)","https://futa.edu.ng/","Director, Centre for Career Services","https://futa.edu.ng/contact","careerservices@futa.edu.ng","University Career Centre","High","Resource A: Graduate Trainee Calendar","","","","","Editorial Resource","Prospect","Science & engineering career recruitment advisory"
"FUTMINNA Career Development Centre","https://futminna.edu.ng/","Head, Career Development Centre","https://futminna.edu.ng/contact-us/","cdc@futminna.edu.ng","University Career Centre","High","Resource C: Nigerian CV & Job Application Toolkit","","","","","Editorial Resource","Prospect","Federal tech university student guidance office"
"Kaduna State University Career Centre","https://kasu.edu.ng/","Coordinator, KASU Career Hub","https://kasu.edu.ng/contact","careercentre@kasu.edu.ng","University Career Centre","High","Resource C: Nigerian CV & Job Application Toolkit","","","","","Editorial Resource","Prospect","Statement of purpose and graduate CV workshops"
"Coal City University Career Service Center","https://ccu.edu.ng/","Lead Career Counsellor, CSC","https://ccu.edu.ng/contact/","careercentre@ccu.edu.ng","University Career Centre","High","Resource A: Graduate Trainee Calendar","","","","","Editorial Resource","Prospect","Private university student career advisory in Enugu"
"Federal Polytechnic Ado-Ekiti Directorate of Career Services","https://careerservices.fedpolyado.edu.ng/","Director of Career Services","https://careerservices.fedpolyado.edu.ng/contact","careerservices@fedpolyado.edu.ng","Polytechnic Career Centre","High","Resource C: Nigerian CV & Job Application Toolkit","","","","","Editorial Resource","Prospect","Polytechnic career fairs and employer partnerships"
"Maryam Abacha American University of Nigeria Career Services","https://maaun.edu.ng/","Head of Student Affairs & Career Services","https://maaun.edu.ng/contact","careers@maaun.edu.ng","University Career Centre","High","Resource D: Nigeria Career Salary & Compensation Guide","","","","","Editorial Resource","Prospect","Kano private university global employability portal"
"University of Lagos Counselling & Human Development Centre","https://unilag.edu.ng/","Director, CHDC","https://unilag.edu.ng/contact-us/","chdc@unilag.edu.ng","University Career Centre","High","Resource A: Graduate Trainee Calendar","","","","","Editorial Resource","Prospect","UNILAG central student counselling and employability hub"
"University of Ibadan Career Development & Counselling Unit","https://ui.edu.ng/","Head, Career Counselling Unit","https://ui.edu.ng/contact","career.counselling@ui.edu.ng","University Career Centre","High","Resource A: Graduate Trainee Calendar","","","","","Editorial Resource","Prospect","UI Student Affairs graduate transition resource"
"University of Nigeria Nsukka Student Affairs & Career Guidance","https://unn.edu.ng/","Dean of Student Affairs","https://unn.edu.ng/contact-us/","studentaffairs@unn.edu.ng","University Career Centre","High","Resource B: Job Scam Verification Guide","","","","","Editorial Resource","Prospect","UNN graduate career advisory and job board"
"Ahmadu Bello University Directorate of Student Affairs","https://abu.edu.ng/","Dean, Student Affairs Division","https://abu.edu.ng/contact/","studentaffairs@abu.edu.ng","University Career Centre","High","Resource E: Scholarships & Opportunities Verification Hub","","","","","Editorial Resource","Prospect","ABU Zaria undergraduate guidance and career placement"
"University of Benin Student Affairs Division","https://uniben.edu.ng/","Director of Student Affairs / Guidance","https://uniben.edu.ng/contact/","studentaffairs@uniben.edu.ng","University Career Centre","High","Resource C: Nigerian CV & Job Application Toolkit","","","","","Editorial Resource","Prospect","UNIBEN graduate recruitment and CV clinics"
"University of Port Harcourt Career Counselling Unit","https://uniport.edu.ng/","Coordinator, Career Guidance Centre","https://uniport.edu.ng/contact-us/","careers@uniport.edu.ng","University Career Centre","High","Resource A: Graduate Trainee Calendar","","","","","Editorial Resource","Prospect","Oil and gas graduate recruitment advisory in Rivers State"
"University of Abuja Directorate of Student Affairs","https://uniabuja.edu.ng/","Head, Student Guidance & Counselling","https://uniabuja.edu.ng/contact","counselling@uniabuja.edu.ng","University Career Centre","High","Resource B: Job Scam Verification Guide","","","","","Editorial Resource","Prospect","FCT student internship and career guidance desk"
"Pan-Atlantic University Career Services","https://pau.edu.ng/","Manager, Career Services Office","https://pau.edu.ng/contact-us/","careerservices@pau.edu.ng","University Career Centre","High","Resource D: Nigeria Career Salary & Compensation Guide","","","","","Editorial Resource","Prospect","Corporate internships and graduate management trainee portal"
"Covenant University Centre for Entrepreneurial Development","https://covenantuniversity.edu.ng/","Director, CEDS / Career Services","https://covenantuniversity.edu.ng/contact","ceds@covenantuniversity.edu.ng","University Career Centre","High","Resource A: Graduate Trainee Calendar","","","","","Editorial Resource","Prospect","Graduate corporate readiness and talent incubation"
"Landmark University Career Development Center","https://lmu.edu.ng/","Head, Career Development Center","https://lmu.edu.ng/contact-us","cdc@lmu.edu.ng","University Career Centre","High","Resource C: Nigerian CV & Job Application Toolkit","","","","","Editorial Resource","Prospect","Agri-business and engineering career mentoring"
"Bowen University Student Development & Career Advisory","https://bowen.edu.ng/","Director of Student Affairs","https://bowen.edu.ng/contact/","studentaffairs@bowen.edu.ng","University Career Centre","High","Resource A: Graduate Trainee Calendar","","","","","Editorial Resource","Prospect","Private university career guidance in Osun State"
"Nile University of Nigeria Career Planning Centre","https://nileuniversity.edu.ng/","Director, Career Services","https://nileuniversity.edu.ng/contact-us/","career@nileuniversity.edu.ng","University Career Centre","High","Resource D: Nigeria Career Salary & Compensation Guide","","","","","Editorial Resource","Prospect","Abuja corporate recruitment linkage centre"
"Bayero University Kano Directorate of Student Affairs","https://buk.edu.ng/","Dean of Student Affairs","https://buk.edu.ng/contact-us","studentaffairs@buk.edu.ng","University Career Centre","High","Resource E: Scholarships & Opportunities Verification Hub","","","","","Editorial Resource","Prospect","Northern Nigeria graduate scholarship and placement desk"
"Lagos State University Skills Development & Entrepreneurship","https://lasu.edu.ng/","Director, DSDE / Student Affairs","https://lasu.edu.ng/contact/","dsde@lasu.edu.ng","University Career Centre","High","Resource C: Nigerian CV & Job Application Toolkit","","","","","Editorial Resource","Prospect","LASU Ojo student employability programs"
"Ekiti State University Career Advisory Services","https://eksu.edu.ng/","Dean of Student Affairs","https://eksu.edu.ng/contact-us/","studentaffairs@eksu.edu.ng","University Career Centre","High","Resource B: Job Scam Verification Guide","","","","","Editorial Resource","Prospect","EKSU student affairs and graduation transition"
"Olabisi Onabanjo University Centre for Employability","https://oouagoiwoye.edu.ng/","Director, Centre for Entrepreneurship","https://oouagoiwoye.edu.ng/contact/","employability@oouagoiwoye.edu.ng","University Career Centre","High","Resource A: Graduate Trainee Calendar","","","","","Editorial Resource","Prospect","OOU Ago-Iwoye student career development bureau"
"Adekunle Ajasin University Student Affairs Directorate","https://aaua.edu.ng/","Dean, Student Affairs","https://aaua.edu.ng/contact/","studentaffairs@aaua.edu.ng","University Career Centre","High","Resource B: Job Scam Verification Guide","","","","","Editorial Resource","Prospect","AAUA Akungba graduate career guidance unit"
"Osun State University Human Resource & Career Advisory","https://uniosun.edu.ng/","Coordinator, Career Services","https://uniosun.edu.ng/contact-us","career.services@uniosun.edu.ng","University Career Centre","High","Resource C: Nigerian CV & Job Application Toolkit","","","","","Editorial Resource","Prospect","UNIOSUN multi-campus career development hub"
"Delta State University Student Counselling & Placement","https://delsu.edu.ng/","Head of Guidance & Placement","https://delsu.edu.ng/contact/","placement@delsu.edu.ng","University Career Centre","High","Resource A: Graduate Trainee Calendar","","","","","Editorial Resource","Prospect","DELSU Abraka graduate employment support desk"
"Nnamdi Azikiwe University Career Linkages Directorate","https://unizik.edu.ng/","Director, Career & Linkages Office","https://unizik.edu.ng/contact-us/","careerlinkages@unizik.edu.ng","University Career Centre","High","Resource C: Nigerian CV & Job Application Toolkit","","","","","Editorial Resource","Prospect","UNIZIK Awka corporate employment connections"
"Federal University of Technology Owerri Student Affairs","https://futo.edu.ng/","Dean of Student Affairs","https://futo.edu.ng/contact-us/","studentaffairs@futo.edu.ng","University Career Centre","High","Resource A: Graduate Trainee Calendar","","","","","Editorial Resource","Prospect","FUTO STEM graduate recruitment calendar advisory"
"Federal University Oye-Ekiti Career Advisory","https://fuoye.edu.ng/","Head, Student Guidance Unit","https://fuoye.edu.ng/contact/","careers@fuoye.edu.ng","University Career Centre","High","Resource B: Job Scam Verification Guide","","","","","Editorial Resource","Prospect","FUOYE graduate career and scholarship advisory"
"Federal University Lafia Student Affairs Directorate","https://fulafia.edu.ng/","Dean, Student Affairs","https://fulafia.edu.ng/contact-us/","studentaffairs@fulafia.edu.ng","University Career Centre","High","Resource E: Scholarships & Opportunities Verification Hub","","","","","Editorial Resource","Prospect","FULafia career counselling and student support"
"Yaba College of Technology Continuous Studies & Advisory","https://yabatech.edu.ng/","Director of Student Affairs","https://yabatech.edu.ng/contact/","studentaffairs@yabatech.edu.ng","Polytechnic Career Centre","High","Resource C: Nigerian CV & Job Application Toolkit","","","","","Editorial Resource","Prospect","YABATECH technical graduate employability desk"
"Federal Polytechnic Ilaro Directorate of Student Affairs","https://federalpolyilaro.edu.ng/","Head, Career Placement & SIWES","https://federalpolyilaro.edu.ng/contact","siwes@federalpolyilaro.edu.ng","Polytechnic Career Centre","High","Resource C: Nigerian CV & Job Application Toolkit","","","","","Editorial Resource","Prospect","Ilaro polytechnic internship & job placement office"
"Federal Polytechnic Nekede Career Services Unit","https://fpno.edu.ng/","Director, Career Guidance","https://fpno.edu.ng/contact/","careerservices@fpno.edu.ng","Polytechnic Career Centre","High","Resource A: Graduate Trainee Calendar","","","","","Editorial Resource","Prospect","Nekede polytechnic graduate workforce development"
"Auchi Polytechnic Industrial Linkages & Placement","https://auchipoly.edu.ng/","Dean, Student Affairs / SIWES","https://auchipoly.edu.ng/contact/","studentaffairs@auchipoly.edu.ng","Polytechnic Career Centre","High","Resource B: Job Scam Verification Guide","","","","","Editorial Resource","Prospect","Auchi polytechnic career advisory and anti-scam notice"
"Kaduna Polytechnic Placement & Alumni Office","https://kadunapoly.edu.ng/","Director, Student Affairs","https://kadunapoly.edu.ng/contact/","studentaffairs@kadunapoly.edu.ng","Polytechnic Career Centre","High","Resource C: Nigerian CV & Job Application Toolkit","","","","","Editorial Resource","Prospect","Kadpoly technical graduate career transition"
"The Polytechnic Ibadan Student Affairs Directorate","https://polyibadan.edu.ng/","Dean, Student Affairs","https://polyibadan.edu.ng/contact/","studentaffairs@polyibadan.edu.ng","Polytechnic Career Centre","High","Resource A: Graduate Trainee Calendar","","","","","Editorial Resource","Prospect","Poly Ibadan graduate job placement board"
"Lagos City Polytechnic Student Development Desk","https://lagoscitypolytechnic.edu.ng/","Head, Student Services","https://lagoscitypolytechnic.edu.ng/contact-us/","studentservices@lagoscitypolytechnic.edu.ng","Polytechnic Career Centre","High","Resource C: Nigerian CV & Job Application Toolkit","","","","","Editorial Resource","Prospect","Private polytechnic IT and business career advisory"
"American University of Nigeria Career Services Office","https://aun.edu.ng/academics/career-services","Director of Career Services","https://aun.edu.ng/contact-us","career.services@aun.edu.ng","University Career Centre","High","Resource D: Nigeria Career Salary & Compensation Guide","","","","","Editorial Resource","Prospect","AUN Yola corporate partnerships and internship desk"
"Lead City University Career & Employability Centre","https://lcu.edu.ng/","Coordinator, Career Centre","https://lcu.edu.ng/contact/","careercentre@lcu.edu.ng","University Career Centre","High","Resource A: Graduate Trainee Calendar","","","","","Editorial Resource","Prospect","Lead City Ibadan corporate graduate readiness"
"Mountain Top University Career Development Centre","https://mtu.edu.ng/","Head of Student Development","https://mtu.edu.ng/contact-us/","careers@mtu.edu.ng","University Career Centre","High","Resource C: Nigerian CV & Job Application Toolkit","","","","","Editorial Resource","Prospect","MTU Ogun State student career guidance office"
"Elizade University Career Services Centre","https://elizadeuniversity.edu.ng/","Director of Student Affairs & Career Unit","https://elizadeuniversity.edu.ng/contact-us","careerservices@elizadeuniversity.edu.ng","University Career Centre","High","Resource A: Graduate Trainee Calendar","","","","","Editorial Resource","Prospect","Private university engineering & tech career linkages"
"Bells University of Technology Career Linkages","https://bellsuniversity.edu.ng/","Head, Career Advisory Office","https://bellsuniversity.edu.ng/contact-us/","careers@bellsuniversity.edu.ng","University Career Centre","High","Resource C: Nigerian CV & Job Application Toolkit","","","","","Editorial Resource","Prospect","BellsTech Ota corporate internship placement unit"
"Society for Career Advancement (SoCAd)","https://socad.org.ng/","Programmes Coordinator","https://socad.org.ng/contact-us/","info@socad.org.ng","Career NGO","High","Resource A: Graduate Trainee Calendar","","","","","Editorial Resource","Prospect","National youth career advancement non-profit"
"Chartered Institute of Personnel Management of Nigeria (CIPM)","https://cipmnigeria.org/","Head of Learning & Knowledge Development","https://cipmnigeria.org/contact-us/","info@cipmnigeria.org","Professional Body","High","Resource B: Job Scam Verification Guide","","","","","Editorial Resource","Prospect","Apex regulatory body for human resource management in Nigeria"
"Institute of Chartered Accountants of Nigeria (ICAN)","https://icanig.org/","Director, Students & Professional Development","https://icanig.org/contact","studentsaffairs@ican.org.ng","Professional Body","High","Resource D: Nigeria Career Salary & Compensation Guide","","","","","Editorial Resource","Prospect","Professional accounting graduate training and salary insights"
"Nigerian Institute of Management (Chartered) (NIM)","https://managementnigeria.org/","Registrar / Youth Management Development Desk","https://managementnigeria.org/contact-us/","nim@managementnigeria.org","Professional Body","High","Resource A: Graduate Trainee Calendar","","","","","Editorial Resource","Prospect","Chartered management graduate trainee and leadership tracks"
"Council for the Regulation of Engineering in Nigeria (COREN)","https://coren.gov.ng/","Head of Professional Training & Regulation","https://coren.gov.ng/contact-us/","info@coren.gov.ng","Professional Body","High","Resource D: Nigeria Career Salary & Compensation Guide","","","","","Editorial Resource","Prospect","Engineering graduate training and remuneration standards"
"Nigerian Society of Engineers (NSE)","https://nse.org.ng/","Coordinator, Young Engineers Forum of Nigeria (YEFN)","https://nse.org.ng/contact","info@nse.org.ng","Professional Body","High","Resource A: Graduate Trainee Calendar","","","","","Editorial Resource","Prospect","Young engineers transition and internship directory"
"Chartered Institute of Bankers of Nigeria (CIBN)","https://cibng.org/","Head of Capacity Building & Certification","https://cibng.org/contact-us","cibn@cibng.org","Professional Body","High","Resource D: Nigeria Career Salary & Compensation Guide","","","","","Editorial Resource","Prospect","Commercial banking career entry and remuneration data"
"Nigerian Bar Association Young Lawyers Forum (NBA-YLF)","https://nigerianbar.org.ng/","Chairman, NBA Young Lawyers Forum","https://nigerianbar.org.ng/contact-us","ylf@nigerianbar.org.ng","Professional Body","High","Resource D: Nigeria Career Salary & Compensation Guide","","","","","Editorial Resource","Prospect","Junior legal practitioner career pathing and wage research"
"National Youth Service Corps (NYSC) CDS Editorial Desk","https://nysc.gov.ng/","Director of CDS & Corps Welfare","https://nysc.gov.ng/contact.html","cds@nysc.gov.ng","Government Youth Agency","High","Resource A: Graduate Trainee Calendar","","","","","Editorial Resource","Prospect","Corps members career transition and PPA opportunities"
"National Directorate of Employment (NDE)","https://nde.gov.ng/","Director of Vocational & Youth Employment","https://nde.gov.ng/contact/","info@nde.gov.ng","Government Agency","High","Resource C: Nigerian CV & Job Application Toolkit","","","","","Editorial Resource","Prospect","National vocational skills and graduate employment scheme"
"FATE Foundation","https://fatefoundation.org/","Youth Programme Manager","https://fatefoundation.org/contact-us/","info@fatefoundation.org","Youth Development Foundation","High","Resource D: Nigeria Career Salary & Compensation Guide","","","","","Editorial Resource","Prospect","Graduate enterprise and employability research hub"
"LEAP Africa","https://leapafrica.org/","Lead, Youth Employability & Leadership","https://leapafrica.org/contact/","info@leapafrica.org","Youth Development NGO","High","Resource C: Nigerian CV & Job Application Toolkit","","","","","Editorial Resource","Prospect","Youth transitions, work readiness, and ethical leadership"
"Poise Nigeria (Graduate Finishing School)","https://poisenigeria.org/","Head, PS Academy Admissions & Placement","https://poisenigeria.org/contact-us/","info@poisenigeria.org","Employability Organization","High","Resource C: Nigerian CV & Job Application Toolkit","","","","","Editorial Resource","Prospect","Premier graduate finishing school for corporate employability"
"West Africa Vocational Education (WAVE Academies)","https://waveacademies.org/","Partnerships & Placement Lead","https://waveacademies.org/contact","info@waveacademies.org","Employability Organization","High","Resource C: Nigerian CV & Job Application Toolkit","","","","","Editorial Resource","Prospect","Youth workforce training and job placement academy"
"Teach For Nigeria","https://teachfornigeria.org/","Recruitment & Admissions Lead","https://teachfornigeria.org/contact-us/","info@teachfornigeria.org","Fellowship Organization","High","Resource E: Scholarships & Opportunities Verification Hub","","","","","Editorial Resource","Prospect","Prestigious 2-year leadership and teaching fellowship in Nigeria"
"Tony Elumelu Foundation (TEF)","https://tonyelumelufoundation.org/","Alumni & Community Engagement Manager","https://tonyelumelufoundation.org/contact-us","info@tonyelumelufoundation.org","Youth Development Foundation","High","Resource E: Scholarships & Opportunities Verification Hub","","","","","Editorial Resource","Prospect","Pan-African entrepreneurship and career empowerment network"
"Junior Achievement Nigeria (JAN)","https://ja-nigeria.org/","Director of Programmes","https://ja-nigeria.org/contact-us/","info@ja-nigeria.org","Youth NGO","High","Resource C: Nigerian CV & Job Application Toolkit","","","","","Editorial Resource","Prospect","Work readiness and financial literacy for Nigerian youth"
"Enactus Nigeria","https://enactus.org.ng/","Country Director / Student Programs Lead","https://enactus.org.ng/contact/","info@enactus.org.ng","Student Organization","High","Resource A: Graduate Trainee Calendar","","","","","Editorial Resource","Prospect","Student leadership and campus enterprise network in 40+ universities"
"MTN Foundation Scholar Alumni Forum","https://mtn.ng/foundation/","Executive Secretary, MTN Foundation","https://mtn.ng/foundation/contact-us/","foundation@mtn.com","Corporate Foundation","High","Resource E: Scholarships & Opportunities Verification Hub","","","","","Editorial Resource","Prospect","Science & Technology tertiary scholarship alumni network"
"Petroleum Technology Development Fund (PTDF)","https://ptdf.gov.ng/","Head of Education & Overseas Scholarships","https://ptdf.gov.ng/contact-us/","info@ptdf.gov.ng","Government Agency","High","Resource E: Scholarships & Opportunities Verification Hub","","","","","Editorial Resource","Prospect","Federal scholarships and oil & gas engineering development"
"PIND Foundation (Youth Employment Pathways)","https://pindfoundation.org/","YEP Program Manager","https://pindfoundation.org/contact-us/","info@pindfoundation.org","Development Foundation","High","Resource C: Nigerian CV & Job Application Toolkit","","","","","Editorial Resource","Prospect","Niger Delta youth employability and technical vocations hub"
"Young Africa Nigeria","https://youngafrica.org/","Hub Coordinator, Nigeria","https://youngafrica.org/contact/","info@youngafrica.org","Youth NGO","High","Resource C: Nigerian CV & Job Application Toolkit","","","","","Editorial Resource","Prospect","Youth Employability Booster initiative partner"
"Nigeria Youth Academy (NiYA)","https://niya.gov.ng/","Digital Hub Coordinator","https://niya.gov.ng/contact","support@niya.gov.ng","Government Platform","High","Resource E: Scholarships & Opportunities Verification Hub","","","","","Editorial Resource","Prospect","Federal Ministry of Youth Development digital opportunities platform"
"Nigeria Employers' Consultative Association (NECA)","https://neca.org.ng/","Head of Learning & Employment Services","https://neca.org.ng/contact-us/","info@neca.org.ng","Employers Association","High","Resource B: Job Scam Verification Guide","","","","","Editorial Resource","Prospect","Private sector employer association promoting legitimate hiring"
"Paradigm Initiative","https://paradigmhq.org/","Program Manager, LIFE Program","https://paradigmhq.org/contact-us/","hello@paradigmhq.org","Digital Rights & Youth NGO","High","Resource C: Nigerian CV & Job Application Toolkit","","","","","Editorial Resource","Prospect","Digital inclusion and tech career pathing for underserved youth"
"simLagos","https://www.simlagos.com/write-for-us","Editorial Team","https://www.simlagos.com/write-for-us","editor@simlagos.com","Editorial Publication","High","Editorial Pitch: Graduate Work Experience Guide","","","","","Guest Editorial","Prospect","Verified requirements: original, 1000+ words, first-hand Nigerian workplace insight"
"TechCabal","https://techcabal.com/","Managing Editor / Talent Desk","https://techcabal.com/contact-us/","editor@bigcabal.com","Editorial Publication","High","Editorial Pitch: Digital Skills & Salary Research","","","","","Editorial Resource","Prospect","Premier African tech, talent, and digital economy publication"
"Techpoint Africa","https://techpoint.africa/","Lead Editor, Workplace & Talent","https://techpoint.africa/contact/","info@techpoint.africa","Editorial Publication","High","Editorial Pitch: Tech Trainee Offer Verification","","","","","Editorial Resource","Prospect","In-depth coverage of Nigerian startup workforce and remote skills"
"Nairametrics Careers Desk","https://nairametrics.com/","Head of Careers & Corporate News","https://nairametrics.com/contact-us/","outreach@nairametrics.com","Business Publication","High","Resource D: Nigeria Career Salary & Compensation Guide","","","","","Editorial Resource","Prospect","Leading financial intelligence platform citing corporate salary benchmarks"
"BusinessDay Careers & Appointments","https://businessday.ng/","Editor, Careers & Corporate Desk","https://businessday.ng/contact/","editorial@businessday.ng","Business Publication","High","Resource A: Graduate Trainee Calendar","","","","","Editorial Resource","Prospect","Authoritative business daily covering national recruitment cycles"
"Technext.ng","https://technext.ng/","Editor-in-Chief","https://technext.ng/contact/","editor@technext.ng","Tech Publication","High","Resource C: Nigerian CV & Job Application Toolkit","","","","","Editorial Resource","Prospect","African technology media focused on youth employment and digital careers"
"Campus Reporter (Premium Times Centre for Investigative Journalism)","https://campusreporter.ng/","Project Director, Campus Reporter","https://campusreporter.ng/contact/","editor@campusreporter.ng","Campus Journalism Network","High","Resource B: Job Scam Verification Guide","","","","","Editorial Resource","Prospect","Network of student journalists across 30+ Nigerian tertiary institutions"
"TheCable Lifestyle","https://lifestyle.thecable.ng/","Lifestyle & Career Desk Editor","https://thecable.ng/contact/","editor@thecable.ng","Online Newspaper","High","Resource B: Job Scam Verification Guide","","","","","Editorial Resource","Prospect","Reputable investigative newspaper with high-readership youth section"
"BellaNaija Career & Business","https://bellanaija.com/category/career/","Editor, Career & Enterprise Section","https://bellanaija.com/contact/","features@bellanaija.com","Lifestyle & Career Portal","High","Resource C: Nigerian CV & Job Application Toolkit","","","","","Editorial Resource","Prospect","Major Nigerian lifestyle portal featuring career journeys and interview tips"
"Disrupt Africa","https://disrupt-africa.com/","Co-Founder / Editorial Lead","https://disrupt-africa.com/contact/","editorial@disrupt-africa.com","Tech Publication","High","Resource D: Nigeria Career Salary & Compensation Guide","","","","","Editorial Resource","Prospect","Covers tech startup ecosystem and developer employment in Africa"
"Guardian Nigeria Education & Youth","https://guardian.ng/category/features/education/","Education Desk Editor","https://guardian.ng/contact-us/","letters@guardian.ng","National Newspaper","High","Resource B: Job Scam Verification Guide","","","","","Editorial Resource","Prospect","National broadsheet with dedicated weekly youth development features"
"Punch Nigeria Education Desk","https://punchng.com/topics/education/","Education News Editor","https://punchng.com/contact-us/","punchnews@punchng.com","National Newspaper","High","Resource A: Graduate Trainee Calendar","","","","","Editorial Resource","Prospect","Nigeria's highest-circulation national daily paper"
"Vanguard Nigeria Youth & Allure","https://vanguardngr.com/category/education/","Features & Education Editor","https://vanguardngr.com/contact-us/","editor@vanguardngr.com","National Newspaper","High","Resource B: Job Scam Verification Guide","","","","","Editorial Resource","Prospect","National publication covering university education and graduate employment"
"ThisDay Live Careers Desk","https://thisdaylive.com/","Business & Career Features Editor","https://thisdaylive.com/index.php/contact-us/","editor@thisdaylive.com","National Newspaper","High","Resource A: Graduate Trainee Calendar","","","","","Editorial Resource","Prospect","Corporate leadership, executive moves, and national trainee drives"
"TechEconomy.ng","https://techeconomy.ng/","Managing Editor","https://techeconomy.ng/contact-us/","info@techeconomy.ng","Tech Publication","High","Resource C: Nigerian CV & Job Application Toolkit","","","","","Editorial Resource","Prospect","Digital transformation, remote skills, and workplace technology"
"TechCity.ng","https://techcityng.com/","Editorial Lead","https://techcityng.com/contact/","info@techcityng.com","Tech Publication","High","Resource C: Nigerian CV & Job Application Toolkit","","","","","Editorial Resource","Prospect","Nigerian tech lifestyle, youth innovation, and talent spotlights"
"Ventures Africa","https://venturesafrica.com/","Editor, Business & Workplace","https://venturesafrica.com/contact/","editorial@venturesafrica.com","Pan-African Business Portal","High","Resource D: Nigeria Career Salary & Compensation Guide","","","","","Editorial Resource","Prospect","African business, market trends, and young corporate professionals"
"YNaija","https://ynaija.com/","Managing Editor","https://ynaija.com/contact-us/","editor@ynaija.com","Youth Culture & Career Portal","High","Resource B: Job Scam Verification Guide","","","","","Editorial Resource","Prospect","The voice of Nigerian youth covering career reality and workplace culture"
"Opportunity Desk (Nigeria Desk)","https://opportunitydesk.org/","Editorial Coordinator","https://opportunitydesk.org/contact/","info@opportunitydesk.org","Global Youth Opportunities","High","Resource E: Scholarships & Opportunities Verification Hub","","","","","Editorial Resource","Prospect","Global platform with heavy Nigerian student readership for fellowships"
"AfterschoolAfrica","https://afterschoolafrica.com/","Editorial Manager","https://afterschoolafrica.com/contact-us/","info@afterschoolafrica.com","Education & Scholarships","High","Resource E: Scholarships & Opportunities Verification Hub","","","","","Editorial Resource","Prospect","Leading African scholarship and graduate education reference portal"
"EduCeleb","https://educeleb.com/","Editor-in-Chief","https://educeleb.com/contact/","editor@educeleb.com","Education Publication","High","Resource A: Graduate Trainee Calendar","","","","","Editorial Resource","Prospect","Nigerian educational news, university admission, and career guidance"
"Edufirst NG","https://edufirst.ng/","Programs & Community Lead","https://edufirst.ng/contact-us/","info@edufirst.ng","EdTech & Career Platform","High","Resource C: Nigerian CV & Job Application Toolkit","","","","","Editorial Resource","Prospect","Secondary-to-tertiary transition, student skills, and career counseling"
"TechBuild Africa","https://techbuild.africa/","Editorial Team","https://techbuild.africa/contact-us/","editorial@techbuild.africa","Tech & Innovation Portal","High","Resource C: Nigerian CV & Job Application Toolkit","","","","","Editorial Resource","Prospect","African technology ecosystem, skills development, and innovation hubs"